region,climate,Primary Crops,Average Rainfall (mm),Soil Type
Southern India,Cold and Dry,"Wheat, Mustard, Barley",800,"Alluvial, Sandy"
Southern India,Humid and Tropical,"Rice, Coconut, Spices",1500,"Laterite, Black"
Eastern India,Humid Subtropical,"Rice, Jute, Tea",1200,"Alluvial, Red"
Western India,Arid and Semi-Arid,"Millets, Cotton, Groundnut",600,"Sandy, Black"
Central India,Tropical Wet and Dry,"Wheat, Soybean, Pulses",1000,"Black, Red"
North-Eastern India,Humid and Wet,"Tea, Bamboo, Rice",2000,"Red, Alluvial"
